id,title,description,url,owner,scope,audience,stages,type,topic,duration,delivery,cost,eligibility,status,notes,contact,sourceBasis,checked,audienceTags,audienceLabel,discoveryNote,facultyFocused
E001,New Supervisor Bootcamp,"Build a foundation in supervisor responsibilities, university processes and campus resources.",https://service.tamu.edu/TDClient/45/Portal/KB/Article/1973/New-Supervisor-Bootcamp,HROE Organizational Development,Employees,Staff; Faculty; Supervisors,Start at A&M; Lead people,Course,Supervisor onboarding; operational foundations,8 hours; one day,In person; alternative options for distance campuses,No cost to university employees,New and newly promoted supervisors have priority; existing supervisors may join a waitlist.,Published recurring schedule,"Next listed dates after the review day: October 21, November 18 and December 16, 2026. Strongly encouraged; the page does not call it mandatory.",orgdev@tamu.edu,Official provider page reviewed,2026-09-16,Staff; Faculty; Supervisors,New supervisors,"Audience filters indicate relevance. Provider eligibility, selection and unit restrictions still apply.",False
E002,The Leadership Collective,"Connect with colleagues through leadership conversations, recorded learning and an employee community.",https://service.tamu.edu/TDClient/45/Portal/KB/Article/1709/The-Leadership-Collective,HROE Organizational Development,Employees,Staff; Faculty; Supervisors,Grow your skills; Lead people; Lead across A&M; Develop others,Community,Leadership community; self-awareness; ethics,Varies by activity,"Events, recordings and Teams community",Not published; confirm with provider,Faculty and staff with or without a formal leadership title.,Published community,"The July 30, 2026 conference is a past event. Some recordings and collaboration spaces require a university account.",orgdev@tamu.edu,Official provider page reviewed,2026-09-16,Staff; Faculty; Supervisors,Staff & faculty,"Audience filters indicate relevance. Provider eligibility, selection and unit restrictions still apply.",False
E003,Crucial Conversations for Mastering Dialogue,Practice constructive dialogue when opinions differ and the stakes are high.,https://service.tamu.edu/TDClient/45/Portal/KB/Article/1587/Leadership-Development,HROE Organizational Development,Employees,Staff; Faculty,Grow your skills,Course,Communication; conflict,13 hours; multiple sessions,See provider,Not published; confirm with provider,University employees; verify course-specific eligibility and registration.,Published offering; enrollment not checked,Check TrainTraq for sessions and any materials fee.,orgdev@tamu.edu,Official provider page reviewed,2026-09-16,Staff; Faculty; Supervisors,Staff & faculty,"Audience filters indicate relevance. Provider eligibility, selection and unit restrictions still apply.",False
E004,Crucial Conversations for Accountability,Address unmet expectations and strengthen accountability through effective conversations.,https://service.tamu.edu/TDClient/45/Portal/KB/Article/1587/Leadership-Development,HROE Organizational Development,Employees,Staff; Faculty,Lead people,Course,Accountability; performance; communication,16 hours; multiple sessions,See provider,Not published; confirm with provider,University employees; verify course-specific eligibility and registration.,Published offering; enrollment not checked,Check TrainTraq for sessions and any materials fee.,orgdev@tamu.edu,Official provider page reviewed,2026-09-16,Staff; Faculty; Supervisors,Staff & faculty,"Audience filters indicate relevance. Provider eligibility, selection and unit restrictions still apply.",False
E005,Crucial Influence,Explore how to influence behavior and support lasting change.,https://service.tamu.edu/TDClient/45/Portal/KB/Article/1587/Leadership-Development,HROE Organizational Development,Employees,Staff; Faculty,Lead across A&M,Course,Influence; behavior change,Source lists 2.5 hours; confirm,See provider,Not published; confirm with provider,University employees; verify course-specific eligibility and registration.,Published offering; enrollment not checked,The public page lists 2.5 hours and also describes one-day delivery. Resolve this discrepancy before publishing a time commitment.,orgdev@tamu.edu,Official provider page reviewed,2026-09-16,Staff; Faculty; Supervisors,Staff & faculty,"Audience filters indicate relevance. Provider eligibility, selection and unit restrictions still apply.",False
E006,Mastering Emotional Intelligence Level 1,Build awareness of emotions and improve workplace relationships.,https://service.tamu.edu/TDClient/45/Portal/KB/Article/1586/Service-Excellence-Professional-Effectiveness,HROE Organizational Development,Employees,Staff; Faculty,Grow your skills,Course,Emotional intelligence; relationships,8 hours,See provider,Not published; confirm with provider,University employees; confirm registration and materials fee.,Published offering; enrollment not checked,,orgdev@tamu.edu,Official provider page reviewed,2026-09-16,Staff; Faculty; Supervisors,Staff & faculty,"Audience filters indicate relevance. Provider eligibility, selection and unit restrictions still apply.",False
E007,Successfully Transitioning Through Change: It Starts With You,Develop personal strategies for navigating workplace transitions.,https://service.tamu.edu/TDClient/45/Portal/KB/Article/1586/Service-Excellence-Professional-Effectiveness,HROE Organizational Development,Employees,Staff; Faculty,Grow your skills,Course,Change; resilience,2.5 hours,See provider,Not published; confirm with provider,University employees; confirm session availability.,Published offering; enrollment not checked,,orgdev@tamu.edu,Official provider page reviewed,2026-09-16,Staff; Faculty; Supervisors,Staff & faculty,"Audience filters indicate relevance. Provider eligibility, selection and unit restrictions still apply.",False
E008,AI@Work: Tools for Today’s Workplace,Explore practical AI tools for daily work.,https://service.tamu.edu/TDClient/45/Portal/KB/Article/1588/Digital-Skills-Academy,HROE Organizational Development,Employees,Staff; Faculty,Grow your skills,Course,Responsible AI; productivity,2 hours,Virtual instructor-led training,Not published; confirm with provider,Employees; see provider for technical requirements.,Published offering; enrollment not checked,Enabling professional development; not a dedicated leadership program.,orgdev@tamu.edu,Official provider page reviewed,2026-09-16,Staff; Faculty,Staff & faculty,"Audience filters indicate relevance. Provider eligibility, selection and unit restrictions still apply.",False
E009,Introduction to Excel,Build foundational spreadsheet skills for workplace tasks.,https://service.tamu.edu/TDClient/45/Portal/KB/Article/1588/Digital-Skills-Academy,HROE Organizational Development,Employees,Staff; Faculty,Grow your skills,Course,Digital skills; data,2 hours,Virtual instructor-led training,Not published; confirm with provider,Employees; see provider for technical requirements.,Published offering; enrollment not checked,Enabling professional development; not a dedicated leadership program.,orgdev@tamu.edu,Official provider page reviewed,2026-09-16,Staff; Faculty,Staff & faculty,"Audience filters indicate relevance. Provider eligibility, selection and unit restrictions still apply.",False
E010,Introduction to Microsoft Teams,Learn collaboration basics in Microsoft Teams.,https://service.tamu.edu/TDClient/45/Portal/KB/Article/1588/Digital-Skills-Academy,HROE Organizational Development,Employees,Staff; Faculty,Grow your skills,Course,Digital skills; collaboration,2 hours,Virtual instructor-led training,Not published; confirm with provider,Employees; see provider for technical requirements.,Published offering; enrollment not checked,Enabling professional development; not a dedicated leadership program.,orgdev@tamu.edu,Official provider page reviewed,2026-09-16,Staff; Faculty,Staff & faculty,"Audience filters indicate relevance. Provider eligibility, selection and unit restrictions still apply.",False
E011,Strategic Consulting,"Work with Organizational Development on assessments, planning and improvements affecting a team or organization.",https://service.tamu.edu/TDClient/45/Portal/KB/Article/1908/Strategic-Consulting-Service,HROE Organizational Development,Employees,Staff; Faculty,Lead across A&M,Program,Strategy; organizational effectiveness; change,Tailored engagement,Consultation and facilitated support,Charges may apply if costs are incurred; confirm scope,"Leaders, supervisors and teams seeking organizational support.",Published offering; enrollment not checked,Service rather than an enrollable course. Related request page: https://service.tamu.edu/TDClient/45/Portal/Requests/Service/802/Strategic-Consulting,orgdev@tamu.edu,Official provider page reviewed,2026-09-16,Staff; Faculty; Supervisors,Staff & faculty,"Audience filters indicate relevance. Provider eligibility, selection and unit restrictions still apply.",False
E012,Team Effectiveness,Explore customized support for how a team communicates and works together.,https://service.tamu.edu/TDClient/45/Portal/Requests/ServiceCatalog/Category/254/Customized-Team-Development-and-Organizational-Effectiveness,HROE Organizational Development,Employees,Staff; Faculty,Lead people; Lead across A&M,Program,Team development; collaboration,Not published,See provider,Not published; confirm with provider,University teams; consult HROE.,Listed service; scope and access to confirm,The category also lists Coaching as coming soon; coaching is not represented as an available service here.,orgdev@tamu.edu,Official provider page reviewed,2026-09-16,Staff; Faculty; Supervisors,Staff & faculty,"Audience filters indicate relevance. Provider eligibility, selection and unit restrictions still apply.",False
E013,Generative AI for Managers learning collection,Explore a curated learning collection for managers using generative AI at work.,https://service.tamu.edu/TDClient/45/Portal/KB/Article/1992/Artificial-Intelligence-AI-Resources-for-Employees,HROE Organizational Development,Employees,Staff; Faculty,Lead people; Lead across A&M,Resource,AI; responsible management,Not published,LinkedIn Learning collection,Not published; confirm with provider,Employees with applicable LinkedIn Learning access.,Published offering; enrollment not checked,Collection linked by HROE; individual courses and completion requirements were not audited.,orgdev@tamu.edu,Official provider page reviewed,2026-09-16,Staff; Faculty; Supervisors,Staff & faculty,"Audience filters indicate relevance. Provider eligibility, selection and unit restrictions still apply.",False
E014,Academic Leader Development Fellows,Develop academic leadership through a fellowship and collaborative work on leader development.,https://facultyaffairs.tamu.edu/faculty-and-leadership-development/aldf/index.html,Faculty Affairs,Employees,Faculty; Supervisors,Lead across A&M; Develop others,Program,Leadership,Academic year,See provider,Not published; confirm with provider,Faculty in titled academic leadership roles; selection applies.,AY2027 program published; application deadline passed,"Published application deadline: August 21, 2026. Confirm a future cycle rather than treating this cohort as open.",facultydevelopment@tamu.edu,Official provider page reviewed,2026-09-16,Faculty; Supervisors,Academic leaders,"Audience filters indicate relevance. Provider eligibility, selection and unit restrictions still apply.",True
E015,Academic Leadership Academy,Explore leadership situations with academic peers through discussion and development activities.,https://facultyaffairs.tamu.edu/faculty-and-leadership-development/academic-leadership-academy/index.html,Faculty Affairs,Employees,Faculty; Supervisors,Lead people; Lead across A&M,Program,Leadership,Not published,See provider,Not published; confirm with provider,Titled academic leaders; primarily fellowship cohorts. Confirm access.,Published offering; enrollment not checked,Heather Wilkinson is listed as a program contact.,h-wilkinson@tamu.edu,Official provider page reviewed,2026-09-16,Faculty; Supervisors,Academic leaders,"Audience filters indicate relevance. Provider eligibility, selection and unit restrictions still apply.",True
E016,APT to Lead,Develop leadership capacity among academic professional track faculty.,https://facultyaffairs.tamu.edu/faculty-and-leadership-development/apt-to-lead/index.html,Faculty Affairs,Employees,Faculty,Lead people; Lead across A&M,Program,Leadership,Eight sessions in published Spring 2026 cohort,Hybrid; College Station participants in person,Not published; confirm with provider,"APT faculty with a titled leadership role or at least one promotion, plus five years of full-time A&M service; confirm full criteria.",Published program; Spring 2026 cohort is past,Next application window was not verified.,facultydevelopment@tamu.edu,Official provider page reviewed,2026-09-16,Faculty; Supervisors,Faculty,"Audience filters indicate relevance. Provider eligibility, selection and unit restrictions still apply.",True
E017,Department Head Development Fellows,Contribute to department head development while building leadership experience.,https://facultyaffairs.tamu.edu/faculty-and-leadership-development/dhdf/index.html,Faculty Affairs,Employees,Faculty; Supervisors,Lead across A&M; Develop others,Program,Leadership,Academic year,See provider,Not published; confirm with provider,Eligible department heads; competitive selection.,AY2027 program published; application deadline passed,"Published application deadline: August 21, 2026.",facultydevelopment@tamu.edu,Official provider page reviewed,2026-09-16,Faculty; Supervisors,Academic leaders,"Audience filters indicate relevance. Provider eligibility, selection and unit restrictions still apply.",True
E020,Faculty Development Leave,Apply for an approved development experience supporting scholarly and professional growth.,https://facultyaffairs.tamu.edu/faculty-and-leadership-development/fdl/index.html,Faculty Affairs,Employees,Faculty,Grow your skills; Lead across A&M,Program,Leadership,Approved leave period,See provider,Not published; confirm with provider,Eligible faculty under current guidelines; college and university approvals apply.,FY28 application guidance published,"University deadline: October 1, 2026 at noon; department and college deadlines may be earlier. This is a development mechanism, not a leadership course.",facultydevelopment@tamu.edu,Official provider page reviewed,2026-09-16,Faculty,Faculty,"Audience filters indicate relevance. Provider eligibility, selection and unit restrictions still apply.",True
E021,Faculty Development Series,Participate in recurring faculty development sessions and access available recordings.,https://facultyaffairs.tamu.edu/faculty-and-leadership-development/fds/index.html,Faculty Affairs,Employees,Faculty,Grow your skills,Program,Leadership,"Recurring sessions, generally noon–2 p.m.",Hybrid and recordings,Not published; confirm with provider,Faculty across the A&M System; check session details.,Published offering; enrollment not checked,Published regular pattern: first Thursday; verify exceptions and registration.,facultydevelopment@tamu.edu,Official provider page reviewed,2026-09-16,Faculty,Faculty,"Audience filters indicate relevance. Provider eligibility, selection and unit restrictions still apply.",True
E022,Generating Professional Success (GPS) on the Academic Professional Track,Plan career progress and communicate impact as an APT faculty member.,https://facultyaffairs.tamu.edu/faculty-and-leadership-development/gps/index.html,Faculty Affairs,Employees,Faculty,Grow your skills,Program,Leadership,Two-day program,See provider,Not published; confirm with provider,Academic professional track faculty.,"Published program; May 12–13, 2026 workshop is past",Slides and handouts may require login.,facultydevelopment@tamu.edu,Official provider page reviewed,2026-09-16,Faculty,Faculty,"Audience filters indicate relevance. Provider eligibility, selection and unit restrictions still apply.",True
E023,Got Tenure! Now What?,Plan the next stage after tenure and prepare for advancement.,https://facultyaffairs.tamu.edu/faculty-and-leadership-development/gtnw/index.html,Faculty Affairs,Employees,Faculty,Grow your skills,Program,Leadership,Two-day program,See provider,Not published; confirm with provider,Recently tenured faculty pursuing full professor.,"Published program; May 12–13, 2026 workshop is past",Select sessions and login-protected materials are listed.,facultydevelopment@tamu.edu,Official provider page reviewed,2026-09-16,Faculty,Faculty,"Audience filters indicate relevance. Provider eligibility, selection and unit restrictions still apply.",True
E024,MODEL Fellows,Gain mentored leadership experience through a project and professional development.,https://facultyaffairs.tamu.edu/faculty-and-leadership-development/model-fellows/index.html,Faculty Affairs,Employees,Faculty,Lead across A&M; Develop others,Program,Leadership,Academic-year fellowship,See provider,Not published; confirm with provider,"Eligible faculty interested in leadership; selection, workload and concurrent-program restrictions apply.",Published fellowship; confirm application cycle,"Program includes a project, mentoring and development support. Release time requires unit planning.",facultydevelopment@tamu.edu,Official provider page reviewed,2026-09-16,Faculty; Supervisors,Faculty,"Audience filters indicate relevance. Provider eligibility, selection and unit restrictions still apply.",True
E025,Mid-Career Accelerator,Use reflection and a faculty community to strengthen post-tenure career direction.,https://facultyaffairs.tamu.edu/faculty-and-leadership-development/mid-career-accelerator/index.html,Faculty Affairs,Employees,Faculty,Grow your skills,Program,Leadership,Fall semester in odd-numbered years,In person; peer learning and coaching,Not published; confirm with provider,Associate or full professors at least two years post-tenure; department head endorsement.,Published program; confirm next cohort,Listed Friday dates match a prior odd-year cycle; do not label them as Fall 2026.,facultydevelopment@tamu.edu,Official provider page reviewed,2026-09-16,Faculty,Faculty,"Audience filters indicate relevance. Provider eligibility, selection and unit restrictions still apply.",True
E026,Moving into Retirement,Explore retirement workshops and continued participation in the faculty community.,https://facultyaffairs.tamu.edu/faculty-and-leadership-development/moving-into-retirement/index.html,Faculty Affairs,Employees,Faculty,Develop others,Resource,Career transition; continued service,Not published,See provider,Not published; confirm with provider,Faculty considering retirement; retiree community eligibility differs.,Published offering; enrollment not checked,"Lifecycle resource, not a leadership course. No individual retirement advice is provided in this inventory.",facultydevelopment@tamu.edu,Official provider page reviewed,2026-09-16,Faculty,Faculty,"Audience filters indicate relevance. Provider eligibility, selection and unit restrictions still apply.",True
E027,New Academic Leader Orientation (NALO),Learn the responsibilities and university context of a new academic leadership appointment.,https://facultyaffairs.tamu.edu/faculty-and-leadership-development/nalo/index.html,Faculty Affairs,Employees,Faculty; Supervisors,Start at A&M; Lead people; Lead across A&M,Program,Leadership,Two days,In person; slides available,Not published; confirm with provider,"New provost, vice president, dean or department head titles; others with approval.","Published program; August 17–18, 2026 event is past","Required for faculty with department head titles who have not previously completed it, according to the provider.",facultydevelopment@tamu.edu,Official provider page reviewed,2026-09-16,Faculty; Supervisors,Academic leaders,"Audience filters indicate relevance. Provider eligibility, selection and unit restrictions still apply.",True
E028,New Faculty Orientation (NFO),"Connect new faculty with university culture, colleagues and resources.",https://facultyaffairs.tamu.edu/faculty-and-leadership-development/nfo/index.html,Faculty Affairs,Employees,Faculty,Start at A&M,Program,Leadership,Three main days plus supplementary sessions,In person; supplementary online sessions,Not published; confirm with provider,Faculty who joined during the previous academic year.,Published program; August 2026 event is past,Main event August 11–13; supplementary sessions the week of August 17. Materials remain linked.,facultydevelopment@tamu.edu,Official provider page reviewed,2026-09-16,Faculty,Faculty,"Audience filters indicate relevance. Provider eligibility, selection and unit restrictions still apply.",True
E029,Promotion & Tenure Informationals,Find information supporting faculty advancement and development.,https://facultyaffairs.tamu.edu/faculty-and-leadership-development/index.html,Faculty Affairs,Employees,Faculty,Grow your skills,Resource,Career development; advancement,Not published,SharePoint resources,Not published; confirm with provider,Faculty on applicable promotion or tenure pathways.,Official directory links to login-protected materials,Resource content behind login was not audited.,facultydevelopment@tamu.edu,Faculty Affairs development directory,2026-09-16,Faculty,Faculty,"Audience filters indicate relevance. Provider eligibility, selection and unit restrictions still apply.",True
E030,Roadmap: Cultivating Early-Career Success on the Tenure-Track,Plan an early faculty career and clarify expectations for tenure.,https://facultyaffairs.tamu.edu/faculty-and-leadership-development/roadmap/index.html,Faculty Affairs,Employees,Faculty,Start at A&M; Grow your skills,Program,Leadership,Two days,See provider,Not published; confirm with provider,"Tenure-track faculty, ideally years one through three.","Published program; May 11–12, 2026 event is past",Record retained as an established program and source of materials; confirm the next cycle.,facultydevelopment@tamu.edu,Official provider page reviewed,2026-09-16,Faculty,Faculty,"Audience filters indicate relevance. Provider eligibility, selection and unit restrictions still apply.",True
E031,SEC Academic Leadership Development Program,Explore a cross-university pathway for academic leadership development.,https://facultyaffairs.tamu.edu/faculty-and-leadership-development/sec-aldp-fellows/index.html,Faculty Affairs,Employees,Faculty; Supervisors,Lead across A&M,Program,Leadership,Not published,See provider,Not published; confirm with provider,Selected faculty and academic leaders; institutional nomination or selection applies.,Published fellowship; confirm current nomination cycle,,facultydevelopment@tamu.edu,Official provider page reviewed,2026-09-16,Faculty; Supervisors,Academic leaders,"Audience filters indicate relevance. Provider eligibility, selection and unit restrictions still apply.",True
E032,Successful Conflict Conversations,Practice constructive approaches to difficult academic workplace conversations.,https://facultyaffairs.tamu.edu/faculty-and-leadership-development/scc/index.html,Faculty Affairs,Employees,Faculty; Staff,Grow your skills,Course,Conflict; communication,6 hours,In-person or online sessions listed,Not published; confirm with provider,Faculty and academic staff.,Published offering; enrollment not checked,Published dates need a fresh cycle check before enrollment is promoted.,facultydevelopment@tamu.edu,Official provider page reviewed,2026-09-16,Staff; Faculty; Supervisors,Faculty & academic staff,"Audience filters indicate relevance. Provider eligibility, selection and unit restrictions still apply.",True
E033,Third-Party Conflict Resolution for Leaders,Develop skills for helping others resolve workplace conflict.,https://facultyaffairs.tamu.edu/faculty-and-leadership-development/third-party-conflict-resolution/index.html,Faculty Affairs,Employees,Faculty; Supervisors,Lead people; Lead across A&M,Course,Conflict; mediation skills,10 hours across two half-days,See provider,Not published; confirm with provider,Academic leaders; unit-specific offerings may be arranged.,Published offering; enrollment not checked,Completion recognition requires full attendance. Confirm the next session dates.,facultydevelopment@tamu.edu,Official provider page reviewed,2026-09-16,Faculty; Supervisors,Academic leaders,"Audience filters indicate relevance. Provider eligibility, selection and unit restrictions still apply.",True
E034,Transformational Teaching & Learning Conference,"Explore teaching practice, integrity and educational improvement with colleagues.",https://facultyaffairs.tamu.edu/faculty-and-leadership-development/ttlc/index.html,Faculty Affairs,Employees,Faculty,Grow your skills,Program,Teaching; integrity; continuous improvement,Two-day 2026 conference,See provider,Not published; confirm with provider,Faculty and academic educators; check annual registration.,Published recurring conference; 2026 recap available,Teaching development adjacent to leadership; not a general employee leadership course.,facultydevelopment@tamu.edu,Official provider page reviewed,2026-09-16,Faculty,Faculty,"Audience filters indicate relevance. Provider eligibility, selection and unit restrictions still apply.",True
E035,Faculty Mentoring Academy,Develop evidence-informed mentoring practices through interactive competency sessions.,https://cte.tamu.edu/services-and-impact/mentoring-cte.html,Center for Teaching Excellence and campus partners,Employees,Faculty,Develop others,Program,Mentoring; feedback; development,Multiple competency sessions,Workshops; virtual sessions listed,Not published; confirm with provider,Faculty; confirm session audience.,Published offering; enrollment not checked,Completion recognition and session schedules should be confirmed with CTE.,cte@tamu.edu,Official provider page reviewed,2026-09-16,Faculty; Supervisors,Faculty,"Audience filters indicate relevance. Provider eligibility, selection and unit restrictions still apply.",True
E037,Student Affairs Staff Development Team,Find development opportunities coordinated for Division of Student Affairs employees.,https://studentaffairs.tamu.edu/committees/,Division of Student Affairs,Employees,Staff,Grow your skills,Community,Staff development; campus networks,Not published,Programs and intranet resources,Not published; confirm with provider,Division of Student Affairs employees.,Published committee and internal resource pathway,Individual offerings require intranet access and unit confirmation.,Division of Student Affairs staff development contacts,Official provider page reviewed,2026-09-16,Staff,Student Affairs staff,"Audience filters indicate relevance. Provider eligibility, selection and unit restrictions still apply.",False
E038,Student Affairs Staff Development Grants,Explore unit support for professional development activities.,https://studentaffairs.tamu.edu/committees/,Division of Student Affairs,Employees,Staff,Grow your skills,Resource,Development funding,Not published,See provider,Not published; confirm with provider,Eligible Division of Student Affairs staff; application and approval apply.,Published application pathway; internal details not audited,"Funding opportunity, not a course.",Division of Student Affairs staff development contacts,Official provider page reviewed,2026-09-16,Staff,Student Affairs staff,"Audience filters indicate relevance. Provider eligibility, selection and unit restrictions still apply.",False
E039,AgriLife employee development planning guide,"Use education, experience and feedback to plan employee development.",https://agrilifeas.tamu.edu/documents/employee-development.pdf/,Texas A&M AgriLife Administrative Services,Employees,Staff; Faculty; Supervisors,Grow your skills; Lead people; Develop others,Resource,Development planning; coaching,Not published,PDF guide,Not published; confirm with provider,AgriLife employees and supervisors; planning ideas may inform broader practice.,Public resource,"The suggested learning mix is a planning heuristic, not a requirement or proven formula for every employee.",AgriLife Administrative Services,Official provider page reviewed,2026-09-16,Staff; Faculty; Supervisors,AgriLife employees,"Audience filters indicate relevance. Provider eligibility, selection and unit restrictions still apply.",False
O001,A&M System New Manager Training Program,Follow a sequence introducing System manager responsibilities and tools.,https://www.tamus.edu/business/training/system-new-manager-training/,A&M System Training / HROE Organizational Development,Other,System employees,Start at A&M; Lead people,Program,Supervisor onboarding; operational foundations,Nine component courses; check LMS for durations,TrainTraq online sequence,Not published; confirm with provider,New managers at System members; member-specific requirements may differ.,Published offering; enrollment not checked,Parent program; do not add its record to the component count when reporting unique courses.,orgdev@tamu.edu,Official provider page reviewed,2026-09-16,System,System employees,"Audience filters indicate relevance. Provider eligibility, selection and unit restrictions still apply.",False
O002,A&M System New Manager Training: Introduction,Overview of the learning sequence.,https://www.tamus.edu/business/training/system-new-manager-training/,A&M System Training,Other,System employees,Start at A&M; Lead people,Course,Manager foundations,Not published,Online in TrainTraq,Not published; confirm with provider,System managers; member-specific assignments apply.,Published offering; enrollment not checked,"TrainTraq course ID 2114985. Component of the System New Manager Training Program; operational/compliance content is included for context, not counted as dedicated leadership education.",orgdev@tamu.edu,Official provider page reviewed,2026-09-16,System,System employees,"Audience filters indicate relevance. Provider eligibility, selection and unit restrictions still apply.",False
O003,Management Overview for New Supervisors,Orientation to supervisor responsibilities.,https://www.tamus.edu/business/training/system-new-manager-training/,A&M System Training,Other,System employees,Start at A&M; Lead people,Course,Manager foundations,Not published,Online in TrainTraq,Not published; confirm with provider,System managers; member-specific assignments apply.,Published offering; enrollment not checked,"TrainTraq course ID 1002. Component of the System New Manager Training Program; operational/compliance content is included for context, not counted as dedicated leadership education.",orgdev@tamu.edu,Official provider page reviewed,2026-09-16,System,System employees,"Audience filters indicate relevance. Provider eligibility, selection and unit restrictions still apply.",False
O004,Working in Workday for Managers,Manager workflows in Workday.,https://www.tamus.edu/business/training/system-new-manager-training/,A&M System Training,Other,System employees,Start at A&M; Lead people,Course,Manager foundations,Not published,Online in TrainTraq,Not published; confirm with provider,System managers; member-specific assignments apply.,Published offering; enrollment not checked,"TrainTraq course ID 2114108. Component of the System New Manager Training Program; operational/compliance content is included for context, not counted as dedicated leadership education.",orgdev@tamu.edu,Official provider page reviewed,2026-09-16,System,System employees,"Audience filters indicate relevance. Provider eligibility, selection and unit restrictions still apply.",False
O005,TrainTraq for Managers,Manage employee learning assignments.,https://www.tamus.edu/business/training/system-new-manager-training/,A&M System Training,Other,System employees,Start at A&M; Lead people,Course,Manager foundations,Not published,Online in TrainTraq,Not published; confirm with provider,System managers; member-specific assignments apply.,Published offering; enrollment not checked,"TrainTraq course ID 2114955. Component of the System New Manager Training Program; operational/compliance content is included for context, not counted as dedicated leadership education.",orgdev@tamu.edu,Official provider page reviewed,2026-09-16,System,System employees,"Audience filters indicate relevance. Provider eligibility, selection and unit restrictions still apply.",False
O006,ADA for Supervisors and Faculty,Accessibility responsibilities for supervisors.,https://www.tamus.edu/business/training/system-new-manager-training/,A&M System Training,Other,System employees,Start at A&M; Lead people,Course,Manager foundations,Not published,Online in TrainTraq,Not published; confirm with provider,System managers; member-specific assignments apply.,Published offering; enrollment not checked,"TrainTraq course ID 2111125. Component of the System New Manager Training Program; operational/compliance content is included for context, not counted as dedicated leadership education.",orgdev@tamu.edu,Official provider page reviewed,2026-09-16,System,System employees,"Audience filters indicate relevance. Provider eligibility, selection and unit restrictions still apply.",False
O007,Leave Guidance for Supervisors,Administer employee leave.,https://www.tamus.edu/business/training/system-new-manager-training/,A&M System Training,Other,System employees,Start at A&M; Lead people,Course,Manager foundations,Not published,Online in TrainTraq,Not published; confirm with provider,System managers; member-specific assignments apply.,Published offering; enrollment not checked,"TrainTraq course ID 2113158. Component of the System New Manager Training Program; operational/compliance content is included for context, not counted as dedicated leadership education.",orgdev@tamu.edu,Official provider page reviewed,2026-09-16,System,System employees,"Audience filters indicate relevance. Provider eligibility, selection and unit restrictions still apply.",False
O008,FMLA and Parental Leave Guidance for Supervisors,Navigate family and parental leave.,https://www.tamus.edu/business/training/system-new-manager-training/,A&M System Training,Other,System employees,Start at A&M; Lead people,Course,Manager foundations,Not published,Online in TrainTraq,Not published; confirm with provider,System managers; member-specific assignments apply.,Published offering; enrollment not checked,"TrainTraq course ID 2113159. Component of the System New Manager Training Program; operational/compliance content is included for context, not counted as dedicated leadership education.",orgdev@tamu.edu,Official provider page reviewed,2026-09-16,System,System employees,"Audience filters indicate relevance. Provider eligibility, selection and unit restrictions still apply.",False
O009,Managing Employee Performance,Support performance and evaluations.,https://www.tamus.edu/business/training/system-new-manager-training/,A&M System Training,Other,System employees,Start at A&M; Lead people,Course,Manager foundations,Not published,Online in TrainTraq,Not published; confirm with provider,System managers; member-specific assignments apply.,Published offering; enrollment not checked,"TrainTraq course ID 1003. Component of the System New Manager Training Program; operational/compliance content is included for context, not counted as dedicated leadership education.",orgdev@tamu.edu,Official provider page reviewed,2026-09-16,System,System employees,"Audience filters indicate relevance. Provider eligibility, selection and unit restrictions still apply.",False
O010,A&M System New Manager Training: Capstone,Review learning and next steps.,https://www.tamus.edu/business/training/system-new-manager-training/,A&M System Training,Other,System employees,Start at A&M; Lead people,Course,Manager foundations,Not published,Online in TrainTraq,Not published; confirm with provider,System managers; member-specific assignments apply.,Published offering; enrollment not checked,"TrainTraq course ID 2114986. Component of the System New Manager Training Program; operational/compliance content is included for context, not counted as dedicated leadership education.",orgdev@tamu.edu,Official provider page reviewed,2026-09-16,System,System employees,"Audience filters indicate relevance. Provider eligibility, selection and unit restrictions still apply.",False
O011,Leadership Enrichment Program,"Develop agency leadership through a year of learning, travel and a project.",https://tfsweb.tamu.edu/about/jobs/learning-and-development/,Texas A&M Forest Service,Other,Agency employees,Lead people; Lead across A&M,Program,Leadership,One year,Cohort and experiential activities,Not published; confirm with provider,Texas A&M Forest Service employees; selection applies.,Published offering; enrollment not checked,Agency-specific access; not a general TAMU employee program.,Texas A&M Forest Service learning and development,Official provider page reviewed,2026-09-16,System,Agency employees,"Audience filters indicate relevance. Provider eligibility, selection and unit restrictions still apply.",False
O012,Texas A&M Forest Service Leadership Institute,Build leadership across natural resource and emergency management organizations.,https://tfsweb.tamu.edu/about/leadership-institute/,Texas A&M Forest Service,Other,External professionals,Lead across A&M,Program,Leadership,Two in-person meetings and five monthly virtual sessions,See provider,Not published; confirm with provider,Relevant partner organizations; confirm nomination and cohort criteria.,Published program; listed 2025–26 dates are past,Interest pathway available; verify next dates and cost.,Texas A&M Forest Service Leadership Institute,Official provider page reviewed,2026-09-16,External,External professionals,"Audience filters indicate relevance. Provider eligibility, selection and unit restrictions still apply.",False
O013,Texas Agricultural Lifetime Leadership (TALL),Develop agricultural leadership through a multi-year cohort experience.,https://tall.tamu.edu/,Texas A&M AgriLife Extension,Other,Agricultural professionals,Lead across A&M,Program,Leadership,Two-year cohort,See provider,Not published; confirm with provider,Agricultural professionals selected for the program.,"Class XX, 2026–28, published",External-sector program; next application cycle and tuition require confirmation.,979-314-8200,Official provider page reviewed,2026-09-16,External,Agricultural professionals,"Audience filters indicate relevance. Provider eligibility, selection and unit restrictions still apply.",False
O014,Leading with Emotional Intelligence,Apply emotional awareness to leadership and working relationships.,https://engineering.tamu.edu/etid/metm/professional-development.html,Engineering / Master of Engineering Technical Management,Other,External professionals; Organization teams,Lead people; Lead across A&M,Course,Leadership,16 PDUs / 1.6 CEUs,Organization-arranged short course,Not published; confirm with provider,Customized organizational professional development; arrange with provider.,Published offering; enrollment not checked,Not represented as a free internal employee class.,METM professional development team,Official provider page reviewed,2026-09-16,External,"External professionals, Organization teams","Audience filters indicate relevance. Provider eligibility, selection and unit restrictions still apply.",False
O015,Lean Six Sigma Management System,Develop a structured approach to improvement and operating performance.,https://engineering.tamu.edu/etid/metm/professional-development.html,Engineering / Master of Engineering Technical Management,Other,External professionals; Organization teams,Lead people; Lead across A&M,Course,Leadership,36 PDUs / 3.6 CEUs,Organization-arranged short course,Not published; confirm with provider,Customized organizational professional development; arrange with provider.,Published offering; enrollment not checked,Not represented as a free internal employee class.,METM professional development team,Official provider page reviewed,2026-09-16,External,"External professionals, Organization teams","Audience filters indicate relevance. Provider eligibility, selection and unit restrictions still apply.",False
O016,Project Management,Build capabilities for organizing and delivering projects.,https://engineering.tamu.edu/etid/metm/professional-development.html,Engineering / Master of Engineering Technical Management,Other,External professionals; Organization teams,Lead people; Lead across A&M,Course,Leadership,3 CEUs,Organization-arranged short course,Not published; confirm with provider,Customized organizational professional development; arrange with provider.,Published offering; enrollment not checked,Not represented as a free internal employee class.,METM professional development team,Official provider page reviewed,2026-09-16,External,"External professionals, Organization teams","Audience filters indicate relevance. Provider eligibility, selection and unit restrictions still apply.",False
O017,Strategic Leadership Excellence: Navigating Today’s Complex Business Terrain,Explore strategic leadership in complex organizations.,https://engineering.tamu.edu/etid/metm/professional-development.html,Engineering / Master of Engineering Technical Management,Other,External professionals; Organization teams,Lead people; Lead across A&M,Course,Leadership,1.6 CEUs,Organization-arranged short course,Not published; confirm with provider,Customized organizational professional development; arrange with provider.,Published offering; enrollment not checked,Not represented as a free internal employee class.,METM professional development team,Official provider page reviewed,2026-09-16,External,"External professionals, Organization teams","Audience filters indicate relevance. Provider eligibility, selection and unit restrictions still apply.",False
O018,Engaged Leaders: Foundation for the Future (HIL101),Practice leadership behaviors and develop an action plan for workplace influence.,https://teex.org/class/hil101/,TEEX Infrastructure Training & Safety Institute,Other,External professionals,Grow your skills; Lead people,Course,Leadership,16 hours,See provider,Not published; confirm with provider,Employees seeking to grow as leaders; no prerequisites listed.,Published course; no scheduled class displayed,Organizations can inquire about hosting a class. Confirm price and scheduling.,TEEX ITSI training team,Official provider page reviewed,2026-09-16,External,External professionals,"Audience filters indicate relevance. Provider eligibility, selection and unit restrictions still apply.",False
O019,Leadership Development Symposium (LDR005),Explore leadership practice through sessions for managers and emerging leaders.,https://teex.org/class/ldr005/,TEEX Emergency Services Training Institute,Other,External professionals,Lead people; Lead across A&M,Program,Leadership,Up to 16 credit hours,See provider,Not published; confirm with provider,Professionals seeking leadership development; verify event requirements.,Published program; schedule requires confirmation,Page includes an October 2025 registration-opening reference. Do not treat it as a current open registration notice.,979-845-7641,Official provider page reviewed,2026-09-16,External,External professionals,"Audience filters indicate relevance. Provider eligibility, selection and unit restrictions still apply.",False
O020,"Brave Fire Leader Academy, Levels I and II (BFL300)",Develop leadership practice for company and chief fire officers.,https://teex.org/class/bfl300/,TEEX Emergency Services Training Institute,Other,Fire service professionals,Lead people; Lead across A&M,Program,Leadership,26 hours,Online lessons and live sessions,Not published; confirm with provider,New and existing company fire officers.,Published program; listed September 2025 cohort is past,Specialized external program; confirm next cohort and fees.,979-845-7641,Official provider page reviewed,2026-09-16,External,Fire service professionals,"Audience filters indicate relevance. Provider eligibility, selection and unit restrictions still apply.",False
O021,Zachry Leadership Program,"Combine coursework, retreats and experiential learning to develop engineering student leadership.",https://engineering.tamu.edu/student-life/zachry-leadership-program/index.html,College of Engineering,Other,Engineering students,Grow your skills,Program,Leadership,Five semesters; one 3-credit course each semester,Cohort coursework and experiences,Not published; confirm with provider,Selected engineering students; program requirements apply.,Published offering; enrollment not checked,"Director Seth Sullivan is profiled in Engineering news dated March 30, 2026. Not an employee program.",easa@tamu.edu,Official provider page reviewed,2026-09-16,Students,Engineering students,"Audience filters indicate relevance. Provider eligibility, selection and unit restrictions still apply.",False
O022,Hollingsworth Center for Ethical Leadership,Explore academic and experiential development centered on ethical leadership.,https://corps.tamu.edu/hollingsworth-center-for-ethical-leadership/,Corps of Cadets / Hollingsworth Center,Other,Undergraduate students,Grow your skills,Program,Leadership,Varies by course or credential,See provider,Not published; confirm with provider,Courses are available to enrolled undergraduates across majors; specific credentials have requirements.,Published offering; enrollment not checked,Center includes applied leadership credentials and a leadership minor. Distinguish the center from each course.,Hollingsworth Center for Ethical Leadership,Official provider page reviewed,2026-09-16,Students,Undergraduate students,"Audience filters indicate relevance. Provider eligibility, selection and unit restrictions still apply.",False
O023,Dean’s Leadership Certificate,"Combine workshops, reflection, coaching and service in a student leadership credential.",https://bush.tamu.edu/campus-community/student-experience/leadership-development/,Bush School,Other,Bush School students,Grow your skills,Program,Leadership,Multi-activity certificate,See provider,Not published; confirm with provider,Eligible Bush School students; certificate requirements apply.,Published offering; enrollment not checked,Includes four workshops and additional development requirements. Not a general employee certificate.,Bush School student experience team,Official provider page reviewed,2026-09-16,Students,Bush School students,"Audience filters indicate relevance. Provider eligibility, selection and unit restrictions still apply.",False
O024,Conversations in Leadership,Learn from leadership discussions within the Bush School community.,https://bush.tamu.edu/campus-community/student-experience/leadership-development/,Bush School,Other,Bush School community,Grow your skills,Community,Leadership,Not published,See provider,Not published; confirm with provider,"Check each event for student, faculty, staff or public access.",Published offering; enrollment not checked,Event series; access varies by event.,Bush School student experience team,Official provider page reviewed,2026-09-16,,Bush School community,"Audience filters indicate relevance. Provider eligibility, selection and unit restrictions still apply.",False
O025,Graduate Student Leadership Institute,Develop leadership through a mentored project after CIRTL preparation.,https://grad.tamu.edu/professional-development/cirtl/graduate-student-leadership-institute.html,Graduate and Professional School / CIRTL,Other,Graduate and professional students,Grow your skills,Program,Leadership,One semester,See provider,Not published; confirm with provider,Eligible CIRTL participants nominated by a Faculty Fellow; confirm requirements.,Published offering; enrollment not checked,Not general faculty or staff enrollment.,Graduate and Professional School professional development,Official provider page reviewed,2026-09-16,Students,Graduate and professional students,"Audience filters indicate relevance. Provider eligibility, selection and unit restrictions still apply.",False
O026,Graduate Mentoring Academy,Develop mentoring competencies through a sequence of interactive sessions.,https://cte.tamu.edu/services-and-impact/mentoring-cte.html,CTE and Graduate and Professional School,Other,Graduate and professional students,Develop others,Program,Leadership,Multiple competency sessions,See provider,Not published; confirm with provider,Graduate and professional students; confirm the correct academy pathway.,Published offering; enrollment not checked,,cte@tamu.edu,Official provider page reviewed,2026-09-16,Students,Graduate and professional students,"Audience filters indicate relevance. Provider eligibility, selection and unit restrictions still apply.",False
O027,Get Involved Training Center,Access student organization officer and advisor training.,https://studentactivities.tamu.edu/education-training/,Student Activities,Other,Student organization officers; Organization advisors,Grow your skills,Resource,Organization management; advising,Not published,Online training center,Not published; confirm with provider,Applicable organization roles; NetID required.,Published offering; enrollment not checked,"Policies and organizational operations, alongside leadership-relevant skills.",Student Activities,Official provider page reviewed,2026-09-16,Students,"Student organization officers, Organization advisors","Audience filters indicate relevance. Provider eligibility, selection and unit restrictions still apply.",False
O028,Flippen Leadership Institute,Explore character and values-based leadership programming at Mays.,https://mays.tamu.edu/centers-and-institutes/flippen-leadership-institute/,Mays Business School,Other,Students; Public resource users,Grow your skills,Resource,Leadership,Not published,See provider,Not published; confirm with provider,Different programs have distinct student or public audiences.,Published offering; enrollment not checked,Director Stephen Courtright; program coordinator Alexis Broussard. Institute established in 2025; parent hub rather than one course.,alexisabroussard@mays.tamu.edu,Official provider page reviewed,2026-09-16,Students; External,"Students, Public resource users","Audience filters indicate relevance. Provider eligibility, selection and unit restrictions still apply.",False
O029,Aggie Legends Podcast,"Listen to leaders discuss career decisions, service and lessons from experience.",https://mays.tamu.edu/news/2026/01/14/texas-am-podcast-features-top-ceos-and-entrepreneurs-on-leadership-careers-and-life-lessons/,Mays / Flippen Leadership Institute,Other,Public resource users,Grow your skills,Resource,Leadership,Not published,Podcast,Not published; confirm with provider,Public listening resource.,Published offering; enrollment not checked,Relevant to employees even though the originating institute is student-focused.,Flippen Leadership Institute,Official provider page reviewed,2026-09-16,External,Public resource users,"Audience filters indicate relevance. Provider eligibility, selection and unit restrictions still apply.",False
O030,Lead With Purpose speaker series,Explore student-facing conversations with executive leaders.,https://mays.tamu.edu/centers-and-institutes/flippen-leadership-institute/lead-with-purpose/,Mays / Flippen Leadership Institute,Other,Mays students,Grow your skills,Program,Leadership,Not published,See provider,Not published; confirm with provider,Mays students; check each event.,Published offering; enrollment not checked,,Flippen Leadership Institute,Official provider page reviewed,2026-09-16,Students,Mays students,"Audience filters indicate relevance. Provider eligibility, selection and unit restrictions still apply.",False
O031,Leadership Initiative Conference (LINC),Introduce high school students to business leadership and college opportunities.,https://mays.tamu.edu/centers-and-institutes/flippen-leadership-institute/leadership-initiative-conference-linc/,Mays / Flippen Leadership Institute,Other,High school seniors,Grow your skills,Program,Leadership,One day,See provider,Free as described by provider,Eligible high school seniors; application requirements apply.,Published offering; enrollment not checked,,Flippen Leadership Institute,Official provider page reviewed,2026-09-16,Students,High school seniors,"Audience filters indicate relevance. Provider eligibility, selection and unit restrictions still apply.",False
O032,Mays Leadership Conference,Develop leaders of Mays student organizations through a conference experience.,https://mays.tamu.edu/undergraduate/reliant-student-experience-office/mays-leadership-conference/,Mays / Reliant Student Experience Office,Other,Mays student organization leaders,Grow your skills,Program,Leadership,Conference,See provider,Not published; confirm with provider,Applicable Mays student organization leaders.,"Published program; April 17, 2026 event is past",,Reliant Student Experience Office,Official provider page reviewed,2026-09-16,Students,Mays student organization leaders,"Audience filters indicate relevance. Provider eligibility, selection and unit restrictions still apply.",False
O033,Executive MBA,Pursue graduate business study designed for experienced working professionals.,https://catalog.tamu.edu/graduate/colleges-schools-interdisciplinary/business/interdepartmental/executive-mba/,Mays Business School,Other,Admitted graduate students; Working professionals,Grow your skills,Program,Leadership,Not published,See provider,Graduate tuition and program fees,Admission required; see program criteria.,Published offering; enrollment not checked,"Academic degree, not an internal employee development benefit.",Mays Executive MBA admissions,Official provider page reviewed,2026-09-16,Students; External,"Admitted graduate students, Working professionals","Audience filters indicate relevance. Provider eligibility, selection and unit restrictions still apply.",False
O034,Graduate Certificate in Nonprofit Management,Study management of nonprofit organizations.,https://bush.tamu.edu/academics/graduate/certificates/,Bush School,Other,Admitted graduate students; Working professionals,Grow your skills,Program,Leadership,12 graduate credits,See provider,Graduate tuition and fees,Certificate admission and academic prerequisites apply.,Published offering; enrollment not checked,Academic credit; verify admission and course scheduling.,Bush School graduate certificate admissions,Official provider page reviewed,2026-09-16,Students; External,"Admitted graduate students, Working professionals","Audience filters indicate relevance. Provider eligibility, selection and unit restrictions still apply.",False
O035,Graduate Certificate in Public Management,Develop capabilities for public-sector management.,https://bush.tamu.edu/academics/graduate/certificates/,Bush School,Other,Admitted graduate students; Working professionals,Grow your skills,Program,Leadership,12 graduate credits,See provider,Graduate tuition and fees,Certificate admission and academic prerequisites apply.,Published offering; enrollment not checked,Academic credit; verify admission and course scheduling.,Bush School graduate certificate admissions,Official provider page reviewed,2026-09-16,Students; External,"Admitted graduate students, Working professionals","Audience filters indicate relevance. Provider eligibility, selection and unit restrictions still apply.",False
